referencia,ano,mes,ano_mes,cana_de_acucar_preco_tonelada,cana_de_acucar_referencia,arroz_tipo_1_30kg,arroz_tipo_2_30kg,arroz_referencia,cafe_em_coco_preco_kg,cafe_referencia,feijao_preco_30kg,feijao_referencia,milho_preco_60kg,milho_referencia,soja_farelo_preco_tonelada,soja_farelo_referencia,consolidado_ano
1990-01,1990,01,199001,0.000055407,produtor,0.00012818,0.00012206,atacado,0.000001324,produtor,0.000001324,atacado,0.000041618,atacado,0.001,atacado,false
1990-02,1990,02,199002,0.000092044,produtor,0.00021071,0.000197,atacado,0.000002633,produtor,0.000002633,atacado,0.0001,atacado,0.002,atacado,false
1990-03,1990,03,199003,0.00017342,produtor,0.00024399,0.00027685,atacado,0.000005225,produtor,0.000005225,atacado,0.0001,atacado,0.003,atacado,false
1990-04,1990,04,199004,0.0002101,produtor,0.0002492,0.00027216,atacado,0.000005116,produtor,0.000005116,atacado,0.0001,atacado,0.003,atacado,false
1990-05,1990,05,199005,0.0002076,produtor,0.00028931,0.00028906,atacado,0.000005411,produtor,0.000005411,atacado,0.0001,atacado,0.004,atacado,false
1990-06,1990,06,199006,0.00020288,produtor,0.00031895,0.00033205,atacado,0.00000552,produtor,0.00000552,atacado,0.0002,atacado,0.004,atacado,false
1990-07,1990,07,199007,0.00020947,produtor,0.00034855,0.00036654,atacado,0.000005749,produtor,0.000005749,atacado,0.0002,atacado,0.004,atacado,false
1990-08,1990,08,199008,0.00024892,produtor,0.00038081,0.00038809,atacado,0.000006349,produtor,0.000006349,atacado,0.0002,atacado,0.004,atacado,false
1990-09,1990,09,199009,0.000295,produtor,0.00046974,0.00044352,atacado,0.000006964,produtor,0.000006964,atacado,0.0003,atacado,0.005,atacado,false
1990-10,1990,10,199010,0.0003475,produtor,0.001,0.001,atacado,0.000007778,produtor,0.000007778,atacado,0.0003,atacado,0.006,atacado,false
1990-11,1990,11,199011,0.00042033,produtor,0.001,0.001,atacado,0.000008549,produtor,0.000008549,atacado,0.0004,atacado,0.008,atacado,false
1990-12,1990,12,199012,0.001,produtor,0.001,0.001,atacado,0.000009625,produtor,0.000009625,atacado,0.0005,atacado,0.011,atacado,true
1991-01,1991,01,199101,0.001,produtor,0.002,0.001,atacado,0.000012222,produtor,0.000012222,atacado,0.0005,atacado,0.013,atacado,false
1991-02,1991,02,199102,0.001,produtor,0.002,0.002,atacado,0.000016269,produtor,0.000016269,atacado,0.0005,atacado,0.014,atacado,false
1991-03,1991,03,199103,0.001,produtor,0.002,0.002,atacado,0.000017636,produtor,0.000017636,atacado,0.0006,atacado,0.014,atacado,false
1991-04,1991,04,199104,0.001,produtor,0.002,0.002,atacado,0.000018309,produtor,0.000018309,atacado,0.0007,atacado,0.015,atacado,false
1991-05,1991,05,199105,0.001,produtor,0.002,0.002,atacado,0.000019425,produtor,0.000019425,atacado,0.0007,atacado,0.018,atacado,false
1991-06,1991,06,199106,0.001,produtor,0.002,0.002,atacado,0.000022207,produtor,0.000022207,atacado,0.0007,atacado,0.019,atacado,false
1991-07,1991,07,199107,0.001,produtor,0.002,0.002,atacado,0.000025778,produtor,0.000025778,atacado,0.0008,atacado,0.021,atacado,false
1991-08,1991,08,199108,0.001,produtor,0.003,0.002,atacado,0.000029109,produtor,0.000029109,atacado,0.001,atacado,0.026,atacado,false
1991-09,1991,09,199109,0.001,produtor,0.003,0.003,atacado,0.000033189,produtor,0.000033189,atacado,0.0012,atacado,0.031,atacado,false
1991-10,1991,10,199110,0.002,produtor,0.005,0.004,atacado,0.000038833,produtor,0.000038833,atacado,0.0017,atacado,0.046,atacado,false
1991-11,1991,11,199111,0.002,produtor,0.005,0.004,atacado,0.000048625,produtor,0.000048625,atacado,0.0021,atacado,0.054,atacado,false
1991-12,1991,12,199112,0.003,produtor,0.005,0.005,atacado,0.000061124,produtor,0.000061124,atacado,0.0023,atacado,0.063,atacado,true
1992-01,1992,01,199201,0.004,produtor,0.007,0.006,atacado,0.000070858,produtor,0.000070858,atacado,0.0032,atacado,0.092,atacado,false
1992-02,1992,02,199202,0.005,produtor,0.008,0.007,atacado,0.000087665,produtor,0.000087665,atacado,0.0035,atacado,0.116,atacado,false
1992-03,1992,03,199203,0.006,produtor,0.008,0.008,atacado,0.00011814,produtor,0.00011814,atacado,0.0034,atacado,0.125,atacado,false
1992-04,1992,04,199204,0.008,produtor,0.009,0.008,atacado,0.00015799,produtor,0.00015799,atacado,0.0041,atacado,0.14,atacado,false
1992-05,1992,05,199205,0.009,produtor,0.011,0.01,atacado,0.00019638,produtor,0.00019638,atacado,0.0053,atacado,0.17,atacado,false
1992-06,1992,06,199206,0.011,produtor,0.015,0.013,atacado,0.00024721,produtor,0.00024721,atacado,0.0068,atacado,0.208,atacado,false
1992-07,1992,07,199207,0.014,produtor,0.018,0.017,atacado,0.00028692,produtor,0.00028692,atacado,0.0081,atacado,0.26,atacado,false
1992-08,1992,08,199208,0.018,produtor,0.024,0.022,atacado,0.00031527,produtor,0.00031527,atacado,0.0106,atacado,0.343,atacado,false
1992-09,1992,09,199209,0.021,produtor,0.033,0.03,atacado,0.0003664,produtor,0.0003664,atacado,0.0153,atacado,0.493,atacado,false
1992-10,1992,10,199210,0.026,produtor,0.041,0.039,atacado,0.00044232,produtor,0.00044232,atacado,0.0194,atacado,0.587,atacado,false
1992-11,1992,11,199211,0.028,produtor,0.05,0.047,atacado,0.00049688,produtor,0.00049688,atacado,0.0243,atacado,0.706,atacado,false
1992-12,1992,12,199212,0.035,produtor,0.06,0.059,atacado,0.00058694,produtor,0.00058694,atacado,0.0316,atacado,0.868,atacado,true
1993-01,1993,01,199301,0.045,produtor,0.075,0.072,atacado,0.00078119,produtor,0.00078119,atacado,0.0377,atacado,1.145,atacado,false
1993-02,1993,02,199302,0.06,produtor,0.084,0.083,atacado,0.0011417,produtor,0.0011417,atacado,0.0425,atacado,1.35,atacado,false
1993-03,1993,03,199303,0.074,produtor,0.102,0.092,atacado,0.0015866,produtor,0.0015866,atacado,0.0488,atacado,1.448,atacado,false
1993-04,1993,04,199304,0.094,produtor,0.123,0.109,atacado,0.0022626,produtor,0.0022626,atacado,0.0651,atacado,1.815,atacado,false
1993-05,1993,05,199305,0.117,produtor,0.17,0.153,atacado,0.0032745,produtor,0.0032745,atacado,0.0838,atacado,2.339,atacado,false
1993-06,1993,06,199306,0.172,produtor,0.23,0.218,atacado,0.0044156,produtor,0.0044156,atacado,0.1111,atacado,3.211,atacado,false
1993-07,1993,07,199307,0.222,produtor,0.312,0.296,atacado,0.01,produtor,0.01,atacado,0.1556,atacado,5.181,atacado,false
1993-08,1993,08,199308,0.292,produtor,0.453,0.432,atacado,0.01,produtor,0.01,atacado,0.2267,atacado,6.929,atacado,false
1993-09,1993,09,199309,0.402,produtor,0.612,0.618,atacado,0.01,produtor,0.01,atacado,0.3011,atacado,9.037,atacado,false
1993-10,1993,10,199310,0.566,produtor,0.823,0.809,atacado,0.01,produtor,0.01,atacado,0.4202,atacado,11.589,atacado,false
1993-11,1993,11,199311,0.766,produtor,1.156,1.053,atacado,0.01,produtor,0.01,atacado,0.5836,atacado,15.59,atacado,false
1993-12,1993,12,199312,1.046,produtor,1.753,1.684,atacado,0.02,produtor,0.02,atacado,0.8332,atacado,21.168,atacado,true
1994-01,1994,01,199401,1.479,produtor,2.48,2.468,atacado,0.02,produtor,0.02,atacado,1.0558,atacado,29.015,atacado,false
1994-02,1994,02,199402,2.129,produtor,3.256,3.164,atacado,0.03,produtor,0.03,atacado,1.2746,atacado,37.918,atacado,false
1994-03,1994,03,199403,3.288,produtor,4.173,4.014,atacado,0.05,produtor,0.05,atacado,1.6961,atacado,53.524,atacado,false
1994-04,1994,04,199404,4.58,produtor,5.672,5.296,atacado,0.07,produtor,0.07,atacado,2.4613,atacado,71.786,atacado,false
1994-05,1994,05,199405,5.857,produtor,8.479,7.405,atacado,0.11,produtor,0.11,atacado,3.5887,atacado,103.958,atacado,false
1994-06,1994,06,199406,8.506,produtor,13.583,12.494,atacado,0.16,produtor,0.16,atacado,5.3064,atacado,166.02,atacado,false
1994-07,1994,07,199407,10.4,produtor,16.93,15.43,atacado,0.19,produtor,0.19,atacado,6.75,atacado,197.22,atacado,false
1994-08,1994,08,199408,10.4,produtor,16.48,15.31,atacado,0.21,produtor,0.21,atacado,6.68,atacado,188.43,atacado,false
1994-09,1994,09,199409,10.45,produtor,17.12,15.76,atacado,0.22,produtor,0.22,atacado,6.67,atacado,181.24,atacado,false
1994-10,1994,10,199410,10.47,produtor,17.11,15.95,atacado,0.23,produtor,0.23,atacado,7.2,atacado,183.58,atacado,false
1994-11,1994,11,199411,10.43,produtor,17.27,16.45,atacado,0.24,produtor,0.24,atacado,7.71,atacado,177.92,atacado,false
1994-12,1994,12,199412,10.36,produtor,17.13,16.44,atacado,0.24,produtor,0.24,atacado,7.72,atacado,162.06,atacado,true
1995-01,1995,01,199501,10.78,produtor,17.21,15.55,atacado,0.23,produtor,0.23,atacado,7.5,atacado,167.17,atacado,false
1995-02,1995,02,199502,10.86,produtor,16.73,15.84,atacado,0.23,produtor,0.23,atacado,7.07,atacado,166.42,atacado,false
1995-03,1995,03,199503,10.97,produtor,16.15,16.02,atacado,0.23,produtor,0.23,atacado,6.39,atacado,163.39,atacado,false
1995-04,1995,04,199504,11.12,produtor,15.37,15.66,atacado,0.24,produtor,0.24,atacado,5.79,atacado,162.32,atacado,false
1995-05,1995,05,199505,11.36,produtor,15.08,14.74,atacado,0.25,produtor,0.25,atacado,5.77,atacado,147.4,atacado,false
1995-06,1995,06,199506,11.28,produtor,15.21,14.36,atacado,0.25,produtor,0.25,atacado,6.1,atacado,144.71,atacado,false
1995-07,1995,07,199507,11.64,produtor,15.53,15.12,atacado,0.25,produtor,0.25,atacado,6.68,atacado,159.73,atacado,false
1995-08,1995,08,199508,11.7,produtor,16.22,15.86,atacado,0.24,produtor,0.24,atacado,6.93,atacado,180.38,atacado,false
1995-09,1995,09,199509,12.01,produtor,16.79,16.18,atacado,0.24,produtor,0.24,atacado,6.36,atacado,184.33,atacado,false
1995-10,1995,10,199510,12.74,produtor,16.79,16.98,atacado,0.23,produtor,0.23,atacado,7.03,atacado,190.24,atacado,false
1995-11,1995,11,199511,13.09,produtor,17.71,17.53,atacado,0.23,produtor,0.23,atacado,7.41,atacado,210.56,atacado,false
1995-12,1995,12,199512,13.08,produtor,18.04,17.9,atacado,0.22,produtor,0.22,atacado,7.49,atacado,233.02,atacado,true
1996-01,1996,01,199601,13.18,produtor,18,17.4,atacado,0.21,produtor,0.21,atacado,7.73,atacado,243.83,atacado,false
1996-02,1996,02,199602,13.33,produtor,18.24,16.41,atacado,0.21,produtor,0.21,atacado,7.32,atacado,242.27,atacado,false
1996-03,1996,03,199603,13.55,produtor,17.86,16.79,atacado,0.21,produtor,0.21,atacado,7.38,atacado,229.46,atacado,false
1996-04,1996,04,199604,14.2,produtor,17.1,16.68,atacado,0.22,produtor,0.22,atacado,8.33,atacado,236.96,atacado,false
1996-05,1996,05,199605,14.96,produtor,17.16,16.31,atacado,0.23,produtor,0.23,atacado,9.19,atacado,244.74,atacado,false
1996-06,1996,06,199606,15.31,produtor,17.12,16.58,atacado,0.25,produtor,0.25,atacado,9,atacado,240.95,atacado,false
1996-07,1996,07,199607,15.29,produtor,17.17,16.6,atacado,0.26,produtor,0.26,atacado,8.88,atacado,246.83,atacado,false
1996-08,1996,08,199608,15.67,produtor,17.08,16.2,atacado,0.27,produtor,0.27,atacado,9.05,atacado,255.92,atacado,false
1996-09,1996,09,199609,15.43,produtor,17.63,16.72,atacado,0.27,produtor,0.27,atacado,9.04,atacado,299.39,atacado,false
1996-10,1996,10,199610,15.16,produtor,18.58,17.99,atacado,0.27,produtor,0.27,atacado,8.8,atacado,309.21,atacado,false
1996-11,1996,11,199611,15.33,produtor,18.52,18.13,atacado,0.26,produtor,0.26,atacado,8.33,atacado,307.26,atacado,false
1996-12,1996,12,199612,15.64,produtor,18.99,18.63,atacado,0.24,produtor,0.24,atacado,7.79,atacado,308.25,atacado,true
1997-01,1997,01,199701,15.5,produtor,19.35,19.6,atacado,0.23,produtor,0.23,atacado,7.34,atacado,308.93,atacado,false
1997-02,1997,02,199702,15.56,produtor,19.17,19.45,atacado,0.23,produtor,0.23,atacado,7.02,atacado,306.89,atacado,false
1997-03,1997,03,199703,15.37,produtor,18.86,18.8,atacado,0.23,produtor,0.23,atacado,6.9,atacado,311.31,atacado,false
1997-04,1997,04,199704,15.37,produtor,18.35,19.09,atacado,0.25,produtor,0.25,atacado,7.08,atacado,324.45,atacado,false
1997-05,1997,05,199705,15.53,produtor,17.77,18.25,atacado,0.25,produtor,0.25,atacado,7.27,atacado,319.18,atacado,false
1997-06,1997,06,199706,16.56,produtor,18.17,18.74,atacado,0.26,produtor,0.26,atacado,7.16,atacado,312.42,atacado,false
1997-07,1997,07,199707,16.77,produtor,18.28,18.08,atacado,0.26,produtor,0.26,atacado,7.15,atacado,293.03,atacado,false
1997-08,1997,08,199708,16.76,produtor,18.63,18.31,atacado,0.26,produtor,0.26,atacado,7.13,atacado,305.19,atacado,false
1997-09,1997,09,199709,16.78,produtor,19.63,18.62,atacado,0.24,produtor,0.24,atacado,7.12,atacado,319.74,atacado,false
1997-10,1997,10,199710,16.77,produtor,20.74,20.24,atacado,0.23,produtor,0.23,atacado,7.58,atacado,332.4,atacado,false
1997-11,1997,11,199711,16.81,produtor,21.96,21.35,atacado,0.22,produtor,0.22,atacado,7.68,atacado,331.05,atacado,false
1997-12,1997,12,199712,16.79,produtor,22.4,22.21,atacado,0.21,produtor,0.21,atacado,7.93,atacado,325.69,atacado,true
1998-01,1998,01,199801,16.78,produtor,22.94,20.31,atacado,0.2,produtor,0.2,atacado,8.25,atacado,325.65,atacado,false
1998-02,1998,02,199802,16.86,produtor,22.25,20.4,atacado,0.2,produtor,0.2,atacado,8.15,atacado,270.23,atacado,false
1998-03,1998,03,199803,16.83,produtor,21.46,22.61,atacado,0.2,produtor,0.2,atacado,7.91,atacado,222.27,atacado,false
1998-04,1998,04,199804,16.75,produtor,21.18,22.58,atacado,0.22,produtor,0.22,atacado,8.11,atacado,197.28,atacado,false
1998-05,1998,05,199805,16.74,produtor,23.21,21.66,atacado,0.24,produtor,0.24,atacado,8.48,atacado,193.74,atacado,false
1998-06,1998,06,199806,16.76,produtor,25.21,26.1,atacado,0.25,produtor,0.25,atacado,8.25,atacado,208.64,atacado,false
1998-07,1998,07,199807,16.67,produtor,25.14,25.89,atacado,0.26,produtor,0.26,atacado,8.11,atacado,201.32,atacado,false
1998-08,1998,08,199808,16.36,produtor,25.43,25.07,atacado,0.26,produtor,0.26,atacado,7.99,atacado,188.79,atacado,false
1998-09,1998,09,199809,16.42,produtor,26.92,25.81,atacado,0.25,produtor,0.25,atacado,8.03,atacado,184.32,atacado,false
1998-10,1998,10,199810,16.49,produtor,27.12,26.67,atacado,0.24,produtor,0.24,atacado,8.09,atacado,188.93,atacado,false
1998-11,1998,11,199811,16.67,produtor,26.87,26.5,atacado,0.22,produtor,0.22,atacado,8.23,atacado,196.86,atacado,false
1998-12,1998,12,199812,16.18,produtor,26.28,25.99,atacado,0.21,produtor,0.21,atacado,8.9,atacado,201.37,atacado,true
1999-01,1999,01,199901,16.54,produtor,26.62,25.46,atacado,0.21,produtor,0.21,atacado,9.22,atacado,212.69,atacado,false
1999-02,1999,02,199902,16.42,produtor,27.84,26.14,atacado,0.21,produtor,0.21,atacado,9.4,atacado,290.41,atacado,false
1999-03,1999,03,199903,16.51,produtor,26.06,25.94,atacado,0.22,produtor,0.22,atacado,9.38,atacado,284.44,atacado,false
1999-04,1999,04,199904,15.87,produtor,23.86,24.26,atacado,0.24,produtor,0.24,atacado,9.28,atacado,255.64,atacado,false
1999-05,1999,05,199905,14.69,produtor,22.93,23.45,atacado,0.24,produtor,0.24,atacado,9.29,atacado,227.63,atacado,false
1999-06,1999,06,199906,14.12,produtor,21.82,22.71,atacado,0.25,produtor,0.25,atacado,9.2,atacado,236.22,atacado,false
1999-07,1999,07,199907,13.31,produtor,21.54,22.45,atacado,0.26,produtor,0.26,atacado,9.09,atacado,253.97,atacado,false
1999-08,1999,08,199908,12.57,produtor,21.48,22.27,atacado,0.26,produtor,0.26,atacado,9.11,atacado,280.71,atacado,false
1999-09,1999,09,199909,12.13,produtor,21.42,19.45,atacado,0.26,produtor,0.26,atacado,9.67,atacado,323.05,atacado,false
1999-10,1999,10,199910,12.43,produtor,21.41,18.38,atacado,0.26,produtor,0.26,atacado,11.13,atacado,342.86,atacado,false
1999-11,1999,11,199911,12.53,produtor,21.89,23.09,atacado,0.26,produtor,0.26,atacado,13.31,atacado,348.29,atacado,false
1999-12,1999,12,199912,12.86,produtor,21.47,22.36,atacado,0.27,produtor,0.27,atacado,13.6,atacado,333.51,atacado,true
2000-01,2000,01,200001,13.44,produtor,21.56,21.22,atacado,0.27,produtor,0.27,atacado,13.74,atacado,334.23,atacado,false
2000-02,2000,02,200002,13.89,produtor,21.22,21.31,atacado,0.28,produtor,0.28,atacado,12.98,atacado,334.82,atacado,false
2000-03,2000,03,200003,13.52,produtor,20.58,21.56,atacado,0.27,produtor,0.27,atacado,12.08,atacado,325.23,atacado,false
2000-04,2000,04,200004,14.19,produtor,19.64,20.6,atacado,0.29,produtor,0.29,atacado,11.78,atacado,321.01,atacado,false
2000-05,2000,05,200005,15.1,produtor,19.01,19.95,atacado,0.29,produtor,0.29,atacado,12.29,atacado,341.1,atacado,false
2000-06,2000,06,200006,14.82,produtor,19.22,19.34,atacado,0.3,produtor,0.3,atacado,11.89,atacado,333.83,atacado,false
2000-07,2000,07,200007,14.91,produtor,19.7,17.4,atacado,0.32,produtor,0.32,atacado,12.11,atacado,330.45,atacado,false
2000-08,2000,08,200008,16.78,produtor,19.41,19.48,atacado,0.35,produtor,0.35,atacado,13.4,atacado,325.07,atacado,false
2000-09,2000,09,200009,18.31,produtor,19.25,19.39,atacado,0.36,produtor,0.36,atacado,13.05,atacado,348.8,atacado,false
2000-10,2000,10,200010,18.94,produtor,18.99,18.74,atacado,0.34,produtor,0.34,atacado,12.79,atacado,356.16,atacado,false
2000-11,2000,11,200011,18.89,produtor,18.55,19.71,atacado,0.31,produtor,0.31,atacado,11.98,atacado,375.67,atacado,false
2000-12,2000,12,200012,18.34,produtor,18.91,19.1,atacado,0.28,produtor,0.28,atacado,10.3,atacado,434.03,atacado,true
2001-01,2001,01,200101,18.91,produtor,19.82,19.3,atacado,0.26,produtor,0.26,atacado,9.19,atacado,421.21,atacado,false
2001-02,2001,02,200102,19.11,produtor,20.48,21.55,atacado,0.25,produtor,0.25,atacado,8.39,atacado,391.82,atacado,false
2001-03,2001,03,200103,18.81,produtor,20.57,20.91,atacado,0.26,produtor,0.26,atacado,8,atacado,377.35,atacado,false
2001-04,2001,04,200104,18.8,produtor,20.19,20.49,atacado,0.29,produtor,0.29,atacado,8.06,atacado,369.64,atacado,false
2001-05,2001,05,200105,18.82,produtor,20.64,21.73,atacado,0.31,produtor,0.31,atacado,8.29,atacado,382.51,atacado,false
2001-06,2001,06,200106,18.94,produtor,22.27,23.34,atacado,0.32,produtor,0.32,atacado,8.96,atacado,432.39,atacado,false
2001-07,2001,07,200107,20.28,produtor,22.43,23.42,atacado,0.34,produtor,0.34,atacado,9.8,atacado,468.19,atacado,false
2001-08,2001,08,200108,20.98,produtor,22.66,25.24,atacado,0.32,produtor,0.32,atacado,10.69,atacado,484.9,atacado,false
2001-09,2001,09,200109,22.04,produtor,24.36,26.19,atacado,0.27,produtor,0.27,atacado,11.14,atacado,489.16,atacado,false
2001-10,2001,10,200110,22.18,produtor,27.11,30.43,atacado,0.24,produtor,0.24,atacado,11.32,atacado,529.63,atacado,false
2001-11,2001,11,200111,21.27,produtor,27.41,30.45,atacado,0.25,produtor,0.25,atacado,11.63,atacado,523.8,atacado,false
2001-12,2001,12,200112,22.45,produtor,27.26,28.97,atacado,0.25,produtor,0.25,atacado,11.78,atacado,496.42,atacado,true
2002-01,2002,01,200201,22.53,produtor,26.61,29.88,atacado,0.23,produtor,0.23,atacado,11.87,atacado,499.76,atacado,false
2002-02,2002,02,200202,22.5,produtor,25.33,29.03,atacado,0.23,produtor,0.23,atacado,12.2,atacado,483.79,atacado,false
2002-03,2002,03,200203,22.25,produtor,24.46,26.67,atacado,0.25,produtor,0.25,atacado,12.47,atacado,422.94,atacado,false
2002-04,2002,04,200204,21.98,produtor,24.32,25.49,atacado,0.28,produtor,0.28,atacado,12.9,atacado,414.68,atacado,false
2002-05,2002,05,200205,20.51,produtor,24.15,26.36,atacado,0.3,produtor,0.3,atacado,14.06,atacado,407.96,atacado,false
2002-06,2002,06,200206,19.04,produtor,24.75,26.49,atacado,0.32,produtor,0.32,atacado,14.48,atacado,462.35,atacado,false
2002-07,2002,07,200207,17.96,produtor,25.92,27.13,atacado,0.33,produtor,0.33,atacado,14.78,atacado,519.91,atacado,false
2002-08,2002,08,200208,18.6,produtor,27.08,28.36,atacado,0.33,produtor,0.33,atacado,15.79,atacado,568.49,atacado,false
2002-09,2002,09,200209,19.97,produtor,30.09,33.25,atacado,0.33,produtor,0.33,atacado,17.33,atacado,643.35,atacado,false
2002-10,2002,10,200210,21.49,produtor,34.66,35.87,atacado,0.32,produtor,0.32,atacado,21.23,atacado,733.66,atacado,false
2002-11,2002,11,200211,22.14,produtor,38.95,41.21,atacado,0.33,produtor,0.33,atacado,25.58,atacado,734.93,atacado,false
2002-12,2002,12,200212,22.63,produtor,39.31,40.27,atacado,0.35,produtor,0.35,atacado,24.37,atacado,745.55,atacado,true
2003-01,2003,01,200301,23.3,produtor,39.56,40.07,atacado,0.37,produtor,0.37,atacado,22.93,atacado,712.25,atacado,false
2003-02,2003,02,200302,24.14,produtor,38.91,39.95,atacado,0.37,produtor,0.37,atacado,22.34,atacado,716.23,atacado,false
2003-03,2003,03,200303,24.83,produtor,38.87,38.9,atacado,0.38,produtor,0.38,atacado,19.77,atacado,655.93,atacado,false
2003-04,2003,04,200304,24.89,produtor,40.49,40.7,atacado,0.4,produtor,0.4,atacado,19,atacado,580.01,atacado,false
2003-05,2003,05,200305,26.21,produtor,45.04,48.95,atacado,0.41,produtor,0.41,atacado,17.81,atacado,588.64,atacado,false
2003-06,2003,06,200306,28.52,produtor,45.66,50.82,atacado,0.43,produtor,0.43,atacado,16.39,atacado,572.26,atacado,false
2003-07,2003,07,200307,26.6,produtor,45.67,50.25,atacado,0.42,produtor,0.42,atacado,14.81,atacado,565.9,atacado,false
2003-08,2003,08,200308,25.63,produtor,46.94,51.33,atacado,0.43,produtor,0.43,atacado,15.07,atacado,577.37,atacado,false
2003-09,2003,09,200309,27.39,produtor,48.09,50.26,atacado,0.43,produtor,0.43,atacado,16.86,atacado,625.57,atacado,false
2003-10,2003,10,200310,28.02,produtor,47.9,49.16,atacado,0.44,produtor,0.44,atacado,16.47,atacado,699.06,atacado,false
2003-11,2003,11,200311,26.662,produtor,49.541,51.478,atacado,0.42,produtor,0.42,atacado,17.2654,atacado,782.999,atacado,false
2003-12,2003,12,200312,26.254,produtor,51.076,55.072,atacado,0.42,produtor,0.42,atacado,17.7258,atacado,756.775,atacado,true
2004-01,2004,01,200401,26.015,produtor,52.106,53.606,atacado,0.4,produtor,0.4,atacado,17.3393,atacado,764.981,atacado,false
2004-02,2004,02,200402,25.045,produtor,51.075,53.514,atacado,0.39,produtor,0.39,atacado,17.0049,atacado,765.184,atacado,false
2004-03,2004,03,200403,24.893,produtor,48.137,50.539,atacado,0.4,produtor,0.4,atacado,17.7028,atacado,821.746,atacado,false
2004-04,2004,04,200404,24.903,produtor,46.645,50.832,atacado,0.41,produtor,0.41,atacado,20.8984,atacado,875.222,atacado,false
2004-05,2004,05,200405,23.976,produtor,47.585,49.657,atacado,0.43,produtor,0.43,atacado,21.7698,atacado,873.434,atacado,false
2004-06,2004,06,200406,23.86,produtor,46.328,50.561,atacado,0.47,produtor,0.47,atacado,20.1296,atacado,751.846,atacado,false
2004-07,2004,07,200407,24.589,produtor,44.981,47.413,atacado,0.48,produtor,0.48,atacado,18.4638,atacado,662.139,atacado,false
2004-08,2004,08,200408,26.087,produtor,44.28,46.453,atacado,0.49,produtor,0.49,atacado,17.269,atacado,596.417,atacado,false
2004-09,2004,09,200409,26.452,produtor,42.504,46.507,atacado,0.49,produtor,0.49,atacado,17.3846,atacado,610.322,atacado,false
2004-10,2004,10,200410,27.031,produtor,41.509,45.183,atacado,0.49,produtor,0.49,atacado,16.4612,atacado,574.102,atacado,false
2004-11,2004,11,200411,27.97,produtor,40.699,46.102,atacado,0.48,produtor,0.48,atacado,15.8273,atacado,538.339,atacado,false
2004-12,2004,12,200412,28.46,produtor,38.347,42.667,atacado,0.47,produtor,0.47,atacado,14.9971,atacado,522.763,atacado,true
2005-01,2005,01,200501,28.006,produtor,37.201,37.489,atacado,0.46,produtor,0.46,atacado,15.5435,atacado,529.07,atacado,false
2005-02,2005,02,200502,28.218,produtor,36.274,36.488,atacado,0.47,produtor,0.47,atacado,15.597,atacado,513.062,atacado,false
2005-03,2005,03,200503,27.781,produtor,36.917,36.827,atacado,0.48,produtor,0.48,atacado,18.0744,atacado,549.613,atacado,false
2005-04,2005,04,200504,27.868,produtor,36.462,36.028,atacado,0.5,produtor,0.5,atacado,19.1855,atacado,546.461,atacado,false
2005-05,2005,05,200505,27.89,produtor,33.903,33.91,atacado,0.51,produtor,0.51,atacado,18.9549,atacado,538.505,atacado,false
2005-06,2005,06,200506,27.7,produtor,33.291,32.312,atacado,0.52,produtor,0.52,atacado,18.8366,atacado,551.724,atacado,false
2005-07,2005,07,200507,28.057,produtor,32.823,32.067,atacado,0.51,produtor,0.51,atacado,18.5749,atacado,555.984,atacado,false
2005-08,2005,08,200508,28.654,produtor,31.743,31.325,atacado,0.46,produtor,0.46,atacado,17.4509,atacado,545.925,atacado,false
2005-09,2005,09,200509,28.61,produtor,30.891,30.654,atacado,0.43,produtor,0.43,atacado,17.0523,atacado,513.546,atacado,false
2005-10,2005,10,200510,28.546,produtor,29.951,30.491,atacado,0.42,produtor,0.42,atacado,15.9859,atacado,492.985,atacado,false
2005-11,2005,11,200511,28.751,produtor,29.788,30.157,atacado,0.4,produtor,0.4,atacado,14.6494,atacado,484.858,atacado,false
2005-12,2005,12,200512,28.81,produtor,31.956,31.675,atacado,0.39,produtor,0.39,atacado,14.2588,atacado,513.036,atacado,true
2006-01,2006,01,200601,29.027,produtor,32.387,34.376,atacado,0.4,produtor,0.4,atacado,14.4495,atacado,530.648,atacado,false
2006-02,2006,02,200602,29.227,produtor,31.984,33.526,atacado,0.38,produtor,0.38,atacado,14.9279,atacado,495.328,atacado,false
2006-03,2006,03,200603,29.404,produtor,31.07,31.151,atacado,0.39,produtor,0.39,atacado,13.1919,atacado,423.379,atacado,false
2006-04,2006,04,200604,29.221,produtor,30.083,28.533,atacado,0.4,produtor,0.4,atacado,12.8491,atacado,406.168,atacado,false
2006-05,2006,05,200605,35.283,produtor,29.881,29.121,atacado,0.42,produtor,0.42,atacado,14.1841,atacado,423.422,atacado,false
2006-06,2006,06,200606,35.819,produtor,29.881,29.992,atacado,0.44,produtor,0.44,atacado,14.983,atacado,456.141,atacado,false
2006-07,2006,07,200607,37.095,produtor,32.329,30.485,atacado,0.45,produtor,0.45,atacado,14.3595,atacado,431.064,atacado,false
2006-08,2006,08,200608,38.096,produtor,32.687,31.056,atacado,0.45,produtor,0.45,atacado,14.0231,atacado,419.215,atacado,false
2006-09,2006,09,200609,37.145,produtor,32.76,30.443,atacado,0.45,produtor,0.45,atacado,14.3109,atacado,429.592,atacado,false
2006-10,2006,10,200610,36.369,produtor,32.965,30.538,atacado,0.45,produtor,0.45,atacado,15.9355,atacado,479.3,atacado,false
2006-11,2006,11,200611,35.939,produtor,34.965,34.74,atacado,0.45,produtor,0.45,atacado,18.4832,atacado,511.361,atacado,false
2006-12,2006,12,200612,35.91,produtor,36.697,39.429,atacado,0.44,produtor,0.44,atacado,19.4419,atacado,506.57,atacado,true
2007-01,2007,01,200701,35.574,produtor,35.014,37.308,atacado,0.44,produtor,0.44,atacado,19.3056,atacado,517.363,atacado,false
2007-02,2007,02,200702,34.63,produtor,34.404,34.389,atacado,0.43,produtor,0.43,atacado,18.5569,atacado,541.924,atacado,false
2007-03,2007,03,200703,34.189,produtor,33.771,33.161,atacado,0.44,produtor,0.44,atacado,18.3075,atacado,508.328,atacado,false
2007-04,2007,04,200704,34.158,produtor,34.407,33.257,atacado,0.46,produtor,0.46,atacado,17.1444,atacado,468.929,atacado,false
2007-05,2007,05,200705,32.63,produtor,34.091,31.989,atacado,0.49,produtor,0.49,atacado,16.6701,atacado,431.543,atacado,false
2007-06,2007,06,200706,29.544,produtor,33.619,32.607,atacado,0.53,produtor,0.53,atacado,16.6534,atacado,450.492,atacado,false
2007-07,2007,07,200707,27.931,produtor,33.462,32.665,atacado,0.62,produtor,0.62,atacado,16.1334,atacado,452.269,atacado,false
2007-08,2007,08,200708,27.859,produtor,34.047,34.103,atacado,0.68,produtor,0.68,atacado,18.5932,atacado,484.229,atacado,false
2007-09,2007,09,200709,28.231,produtor,35.616,35.871,atacado,0.7,produtor,0.7,atacado,22.6376,atacado,558.507,atacado,false
2007-10,2007,10,200710,27.944,produtor,35.809,37.126,atacado,0.65,produtor,0.65,atacado,22.5687,atacado,603.737,atacado,false
2007-11,2007,11,200711,27.455,produtor,35.911,35.736,atacado,0.61,produtor,0.61,atacado,26.2768,atacado,642.872,atacado,false
2007-12,2007,12,200712,28.138,produtor,35.72,35.162,atacado,0.58,produtor,0.58,atacado,28.6884,atacado,682.328,atacado,true
2008-01,2008,01,200801,28.536,produtor,36.834,36.531,atacado,0.58,produtor,0.58,atacado,26.3027,atacado,712.801,atacado,false
2008-02,2008,02,200802,28.48,produtor,37.074,37.747,atacado,0.58,produtor,0.58,atacado,23.9758,atacado,713.921,atacado,false
2008-03,2008,03,200803,28.616,produtor,37.466,37.055,atacado,0.59,produtor,0.59,atacado,22.893,atacado,661.773,atacado,false
2008-04,2008,04,200804,28.172,produtor,41.244,42.96,atacado,0.62,produtor,0.62,atacado,23.0197,atacado,642.383,atacado,false
2008-05,2008,05,200805,28.128,produtor,48.547,50.472,atacado,0.67,produtor,0.67,atacado,23.0015,atacado,644.123,atacado,false
2008-06,2008,06,200806,27.684,produtor,52.062,52.138,atacado,0.69,produtor,0.69,atacado,22.9017,atacado,724.679,atacado,false
2008-07,2008,07,200807,26.384,produtor,51.364,49.151,atacado,0.7,produtor,0.7,atacado,24.2593,atacado,751.786,atacado,false
2008-08,2008,08,200808,25.981,produtor,50.921,48.014,atacado,0.66,produtor,0.66,atacado,21.0261,atacado,647.561,atacado,false
2008-09,2008,09,200809,26.78,produtor,51.207,48.559,atacado,0.59,produtor,0.59,atacado,20.264,atacado,679.145,atacado,false
2008-10,2008,10,200810,27.786,produtor,52.858,50.78,atacado,0.54,produtor,0.54,atacado,19.5853,atacado,725.428,atacado,false
2008-11,2008,11,200811,29.184,produtor,52.286,49.597,atacado,0.5,produtor,0.5,atacado,18.3003,atacado,747.369,atacado,false
2008-12,2008,12,200812,29.321,produtor,51.061,48,atacado,0.5,produtor,0.5,atacado,17.9311,atacado,736.912,atacado,true
2009-01,2009,01,200901,29.509,produtor,50.295,47.091,atacado,0.54,produtor,0.54,atacado,20.522,atacado,854.848,atacado,false
2009-02,2009,02,200902,29.183,produtor,49.802,48.151,atacado,0.55,produtor,0.55,atacado,20.0232,atacado,870.875,atacado,false
2009-03,2009,03,200903,29.253,produtor,46.998,44.507,atacado,0.56,produtor,0.56,atacado,18.5982,atacado,768.287,atacado,false
2009-04,2009,04,200904,28.842,produtor,45.248,40.569,atacado,0.57,produtor,0.57,atacado,19.0174,atacado,804.18,atacado,false
2009-05,2009,05,200905,28.576,produtor,45.943,38.315,atacado,0.59,produtor,0.59,atacado,20.1533,atacado,869.227,atacado,false
2009-06,2009,06,200906,28.902,produtor,42.99,38.095,atacado,0.63,produtor,0.63,atacado,19.9917,atacado,876.143,atacado,false
2009-07,2009,07,200907,29.483,produtor,41.432,39.927,atacado,0.7,produtor,0.7,atacado,18.1666,atacado,806.749,atacado,false
2009-08,2009,08,200908,30.329,produtor,40.961,40.5,atacado,0.7,produtor,0.7,atacado,17.1761,atacado,823.617,atacado,false
2009-09,2009,09,200909,30.54,produtor,42.522,39.702,atacado,0.71,produtor,0.71,atacado,17.1696,atacado,828.86,atacado,false
2009-10,2009,10,200910,31.304,produtor,42.112,39.351,atacado,0.68,produtor,0.68,atacado,18.0134,atacado,776.345,atacado,false
2009-11,2009,11,200911,31.824,produtor,40.975,39.199,atacado,0.62,produtor,0.62,atacado,18.3427,atacado,751.959,atacado,false
2009-12,2009,12,200912,32.218,produtor,40.834,37.434,atacado,0.59,produtor,0.59,atacado,17.659,atacado,740.11,atacado,true
2010-01,2010,01,201001,32.51,produtor,43.53,43.55,atacado,0.58,produtor,0.58,atacado,17.17,atacado,742.18,atacado,false
2010-02,2010,02,201002,32.59,produtor,45.18,42.66,atacado,0.59,produtor,0.59,atacado,16.42,atacado,664.87,atacado,false
2010-03,2010,03,201003,33.63,produtor,44.12,40.7,atacado,0.63,produtor,0.63,atacado,15.99,atacado,550.39,atacado,false
2010-04,2010,04,201004,34.6,produtor,44.26,39.53,atacado,0.67,produtor,0.67,atacado,15.94,atacado,500.43,atacado,false
2010-05,2010,05,201005,34.21,produtor,44.36,40.14,atacado,0.73,produtor,0.73,atacado,16.34,atacado,530.88,atacado,false
2010-06,2010,06,201006,34.43,produtor,44.57,39.75,atacado,0.73,produtor,0.73,atacado,16.57,atacado,554.87,atacado,false
2010-07,2010,07,201007,34.77,produtor,44.1,38.8,atacado,0.71,produtor,0.71,atacado,15.67,atacado,576.43,atacado,false
2010-08,2010,08,201008,34.85,produtor,43.54,38.19,atacado,0.68,produtor,0.68,atacado,16.84,atacado,655.44,atacado,false
2010-09,2010,09,201009,35.34,produtor,44.32,40.17,atacado,0.68,produtor,0.68,atacado,19.46,atacado,665.22,atacado,false
2010-10,2010,10,201010,36.51,produtor,43.94,39.74,atacado,0.68,produtor,0.68,atacado,21.32,atacado,703.86,atacado,false
2010-11,2010,11,201011,37.38,produtor,43.7,39.18,atacado,0.69,produtor,0.69,atacado,23.13,atacado,732.53,atacado,false
2010-12,2010,12,201012,39.21,produtor,43.94,38.36,atacado,0.73,produtor,0.73,atacado,22.69,atacado,734.82,atacado,true
2011-01,2011,01,201101,39.85,produtor,41.1,37.29,atacado,0.71,produtor,0.71,atacado,23.81,atacado,754.04,atacado,false
2011-02,2011,02,201102,41.11,produtor,39.98,35.43,atacado,0.71,produtor,0.71,atacado,25.2,atacado,752.45,atacado,false
2011-03,2011,03,201103,41.4,produtor,39.19,35.6,atacado,0.72,produtor,0.72,atacado,25.72,atacado,676.02,atacado,false
2011-04,2011,04,201104,42.27,produtor,37.37,34.18,atacado,0.74,produtor,0.74,atacado,26.38,atacado,608.77,atacado,false
2011-05,2011,05,201105,44.7,produtor,37.42,33.73,atacado,0.76,produtor,0.76,atacado,26.36,atacado,595.11,atacado,false
2011-06,2011,06,201106,45.21,produtor,37.02,32.71,atacado,0.8,produtor,0.8,atacado,26.88,atacado,599.32,atacado,false
2011-07,2011,07,201107,47.98,produtor,36.86,33.61,atacado,0.81,produtor,0.81,atacado,27.19,atacado,607,atacado,false
2011-08,2011,08,201108,49.68,produtor,37.91,34.9,atacado,0.81,produtor,0.81,atacado,25.19,atacado,611.82,atacado,false
2011-09,2011,09,201109,51.12,produtor,37.73,34.7,atacado,0.83,produtor,0.83,atacado,26,atacado,647.85,atacado,false
2011-10,2011,10,201110,52.28,produtor,38.3,34.68,atacado,0.83,produtor,0.83,atacado,24.86,atacado,643.81,atacado,false
2011-11,2011,11,201111,52.68,produtor,38.78,36.41,atacado,0.8,produtor,0.8,atacado,24.8,atacado,629.4,atacado,false
2011-12,2011,12,201112,53.17,produtor,39.25,38.17,atacado,0.82,produtor,0.82,atacado,23.2,atacado,584.62,atacado,true
2012-01,2012,01,201201,55.18,produtor,40.34,40.12,atacado,0.8,produtor,0.8,atacado,26.02,atacado,617.22,atacado,false
2012-02,2012,02,201202,54.44,produtor,42.87,39.56,atacado,0.79,produtor,0.79,atacado,26.09,atacado,647.45,atacado,false
2012-03,2012,03,201203,52.08,produtor,43.6,38.85,atacado,0.8,produtor,0.8,atacado,25.69,atacado,694.79,atacado,false
2012-04,2012,04,201204,51.97,produtor,44.06,38.65,atacado,0.8,produtor,0.8,atacado,24.21,atacado,745.63,atacado,false
2012-05,2012,05,201205,52.491,produtor,43.407,39.958,atacado,0.79,produtor,0.79,atacado,23.6664,atacado,835.971,atacado,false
2012-06,2012,06,201206,53.2,produtor,42.674,42.7,atacado,0.79,produtor,0.79,atacado,23.8705,atacado,953.54,atacado,false
2012-07,2012,07,201207,53.417,produtor,44.927,40.917,atacado,0.79,produtor,0.79,atacado,26.5767,atacado,1192.586,atacado,false
2012-08,2012,08,201208,54.098,produtor,49.127,46.228,atacado,0.8,produtor,0.8,atacado,30.1851,atacado,1400.133,atacado,false
2012-09,2012,09,201209,54.601,produtor,56.143,57.378,atacado,0.79,produtor,0.79,atacado,28.8726,atacado,1392.132,atacado,false
2012-10,2012,10,201210,53.871,produtor,58.836,58.221,atacado,0.8,produtor,0.8,atacado,27.9956,atacado,1268.257,atacado,false
2012-11,2012,11,201211,53.758,produtor,57.861,58.443,atacado,0.82,produtor,0.82,atacado,30.1221,atacado,1233.352,atacado,false
2012-12,2012,12,201212,53.255,produtor,56.851,53.055,atacado,0.82,produtor,0.82,atacado,31.0008,atacado,1239.969,atacado,true
2013-01,2013,01,201301,52.945,produtor,56.376,52.937,atacado,0.84,produtor,0.84,atacado,29.8564,atacado,1121.56,atacado,false
2013-02,2013,02,201302,53.076,produtor,57.038,50.337,atacado,0.84,produtor,0.84,atacado,29.2428,atacado,923.845,atacado,false
2013-03,2013,03,201303,53.162,produtor,55.287,48.538,atacado,0.82,produtor,0.82,atacado,26.3302,atacado,851.762,atacado,false
2013-04,2013,04,201304,51.381,produtor,55.331,48.042,atacado,0.85,produtor,0.85,atacado,23.1685,atacado,823.942,atacado,false
2013-05,2013,05,201305,50.766,produtor,53.922,49.815,atacado,0.87,produtor,0.87,atacado,22.7282,atacado,875.563,atacado,false
2013-06,2013,06,201306,49.807,produtor,53.548,49.106,atacado,0.91,produtor,0.91,atacado,24.1645,atacado,1035.924,atacado,false
2013-07,2013,07,201307,50.366,produtor,53.206,48.971,atacado,0.95,produtor,0.95,atacado,22.2691,atacado,1082.816,atacado,false
2013-08,2013,08,201308,50.813,produtor,53.002,48.561,atacado,1.01,produtor,1.01,atacado,20.8488,atacado,1111.158,atacado,false
2013-09,2013,09,201309,50.49,produtor,52.75,49.382,atacado,1.04,produtor,1.04,atacado,21.6853,atacado,1226.964,atacado,false
2013-10,2013,10,201310,52.052,produtor,52.356,48.511,atacado,1.06,produtor,1.06,atacado,20.5986,atacado,1245.809,atacado,false
2013-11,2013,11,201311,52.349,produtor,52.125,47.211,atacado,1.03,produtor,1.03,atacado,21.5139,atacado,1277.097,atacado,false
2013-12,2013,12,201312,52.167,produtor,52.462,47.968,atacado,1.01,produtor,1.01,atacado,22.5407,atacado,1298.744,atacado,true
2014-01,2014,01,201401,53.071,produtor,55.352,52.184,atacado,0.99,produtor,0.99,atacado,23.4962,atacado,1230.874,atacado,false
2014-02,2014,02,201402,53.178,produtor,54.672,51.106,atacado,0.96,produtor,0.96,atacado,24.3899,atacado,1202.974,atacado,false
2014-03,2014,03,201403,52.778,produtor,54.686,49.734,atacado,0.94,produtor,0.94,atacado,27.0209,atacado,1209.692,atacado,false
2014-04,2014,04,201404,52.752,produtor,53.805,48.743,atacado,0.97,produtor,0.97,atacado,27.2723,atacado,1186.516,atacado,false
2014-05,2014,05,201405,52.923,produtor,55.165,49.927,atacado,1.01,produtor,1.01,atacado,25.8546,atacado,1165.313,atacado,false
2014-06,2014,06,201406,51.972,produtor,54.606,49.773,atacado,1.01,produtor,1.01,atacado,23.896,atacado,1170.803,atacado,false
2014-07,2014,07,201407,52.175,produtor,54.283,50.272,atacado,1.02,produtor,1.02,atacado,22.1968,atacado,1062.623,atacado,false
2014-08,2014,08,201408,52.038,produtor,54.115,50.433,atacado,1.02,produtor,1.02,atacado,21.4421,atacado,1083.22,atacado,false
2014-09,2014,09,201409,52.034,produtor,54.366,50.371,atacado,1.01,produtor,1.01,atacado,20.9032,atacado,1047.468,atacado,false
2014-10,2014,10,201410,52.224,produtor,54.045,48.493,atacado,1,produtor,1,atacado,21.0748,atacado,1050.81,atacado,false
2014-11,2014,11,201411,52.217,produtor,55.265,48.908,atacado,0.97,produtor,0.97,atacado,23.9941,atacado,1164.193,atacado,false
2014-12,2014,12,201412,51.834,produtor,56.022,49.818,atacado,0.92,produtor,0.92,atacado,24.9497,atacado,1174.611,atacado,true
2015-01,2015,01,201501,51.955,produtor,55.989,51.561,atacado,0.88,produtor,0.88,atacado,24.4259,atacado,1132.399,atacado,false
2015-02,2015,02,201502,52.59,produtor,56.275,54.177,atacado,0.84,produtor,0.84,atacado,24.3855,atacado,1089.721,atacado,false
2015-03,2015,03,201503,52.51,produtor,56.701,51.172,atacado,0.82,produtor,0.82,atacado,25.006,atacado,1152.644,atacado,false
2015-04,2015,04,201504,53.175,produtor,56.376,51.069,atacado,0.85,produtor,0.85,atacado,24.69,atacado,1108.527,atacado,false
2015-05,2015,05,201505,54.077,produtor,56.776,50.798,atacado,0.89,produtor,0.89,atacado,23.0033,atacado,1046.364,atacado,false
2015-06,2015,06,201506,53.97,produtor,56.748,50.757,atacado,0.92,produtor,0.92,atacado,23.3203,atacado,1047.045,atacado,false
2015-07,2015,07,201507,53.747,produtor,56.595,49.705,atacado,0.97,produtor,0.97,atacado,24.5414,atacado,1143.472,atacado,false
2015-08,2015,08,201508,54.263,produtor,56.462,49.534,atacado,0.99,produtor,0.99,atacado,24.9613,atacado,1186.259,atacado,false
2015-09,2015,09,201509,54.967,produtor,58.117,51.664,atacado,1,produtor,1,atacado,27.3005,atacado,1323.918,atacado,false
2015-10,2015,10,201510,56.265,produtor,61.454,55.618,atacado,0.99,produtor,0.99,atacado,28.9278,atacado,1396.828,atacado,false
2015-11,2015,11,201511,58.881,produtor,63.233,55.669,atacado,0.99,produtor,0.99,atacado,28.7183,atacado,1370.711,atacado,false
2015-12,2015,12,201512,60.348,produtor,63.99,56.495,atacado,0.98,produtor,0.98,atacado,29.3891,atacado,1314.066,atacado,true
2016-01,2016,01,201601,60.481,produtor,63.474,56.551,atacado,0.99,produtor,0.99,atacado,36.5875,atacado,1397.5,atacado,false
2016-02,2016,02,201602,60.734,produtor,64.268,57.908,atacado,1.01,produtor,1.01,atacado,38.6749,atacado,1404.32,atacado,false
2016-03,2016,03,201603,60.581,produtor,65.497,57.841,atacado,1.03,produtor,1.03,atacado,41.079,atacado,1140.93,atacado,false
2016-04,2016,04,201604,65.456,produtor,66.672,59.487,atacado,1.08,produtor,1.08,atacado,46.1061,atacado,1110.129,atacado,false
2016-05,2016,05,201605,66.398,produtor,68.092,60.226,atacado,1.15,produtor,1.15,atacado,49.9607,atacado,1319.955,atacado,false
2016-06,2016,06,201606,65.785,produtor,67.92,60.277,atacado,1.21,produtor,1.21,atacado,49.1355,atacado,1572.482,atacado,false
2016-07,2016,07,201607,66.804,produtor,70.198,60.71,atacado,1.4,produtor,1.4,atacado,41.1457,atacado,1489.35,atacado,false
2016-08,2016,08,201608,67.194,produtor,70.918,60.876,atacado,1.55,produtor,1.55,atacado,40.8645,atacado,1353.583,atacado,false
2016-09,2016,09,201609,67.241,produtor,69.584,62.616,atacado,1.52,produtor,1.52,atacado,37.8565,atacado,1281.501,atacado,false
2016-10,2016,10,201610,68.017,produtor,75.053,63.601,atacado,1.39,produtor,1.39,atacado,38.3183,atacado,1211.86,atacado,false
2016-11,2016,11,201611,68.622,produtor,73.957,62.705,atacado,1.29,produtor,1.29,atacado,35.6299,atacado,1220.515,atacado,false
2016-12,2016,12,201612,69.424,produtor,75.094,64.925,atacado,1.22,produtor,1.22,atacado,34.811,atacado,1212.317,atacado,true
2017-01,2017,01,201701,70.016,produtor,75.101,66.862,atacado,1.2,produtor,1.2,atacado,32.9202,atacado,1153.415,atacado,false
2017-02,2017,02,201702,69.887,produtor,73.957,62.705,atacado,1.2,produtor,1.2,atacado,30.2486,atacado,1138.592,atacado,false
2017-03,2017,03,201703,69.551,produtor,75.053,63.601,atacado,1.22,produtor,1.22,atacado,27.8927,atacado,1063.18,atacado,false
2017-04,2017,04,201704,71.475,produtor,69.584,62.616,atacado,1.29,produtor,1.29,atacado,25.6698,atacado,1012.31,atacado,false
2017-05,2017,05,201705,70.863,produtor,70.918,60.876,atacado,1.32,produtor,1.32,atacado,25.6123,atacado,1015.388,atacado,false
2017-06,2017,06,201706,69.998,produtor,70.198,60.71,atacado,1.33,produtor,1.33,atacado,24.3612,atacado,1018.952,atacado,false
2017-07,2017,07,201707,67.618,produtor,67.92,60.277,atacado,1.32,produtor,1.32,atacado,22.8376,atacado,1087.771,atacado,false
2017-08,2017,08,201708,68.08,produtor,68.092,60.226,atacado,1.28,produtor,1.28,atacado,22.3947,atacado,1014.629,atacado,false
2017-09,2017,09,201709,66.87,produtor,66.672,59.487,atacado,1.18,produtor,1.18,atacado,24.6789,atacado,1017.38,atacado,false
2017-10,2017,10,201710,65.867,produtor,65.497,57.841,atacado,1.12,produtor,1.12,atacado,26.0815,atacado,1068.593,atacado,false
2017-11,2017,11,201711,65.379,produtor,66.762,56.434,atacado,1.05,produtor,1.05,atacado,27.2748,atacado,1077.218,atacado,false
2017-12,2017,12,201712,64.472,produtor,65.242,54.018,atacado,1.03,produtor,1.03,atacado,27.8553,atacado,1162.925,atacado,true
2018-01,2018,01,201801,66.987,produtor,65.427,56.116,atacado,1.05,produtor,1.05,atacado,28.3008,atacado,1163.73,atacado,false
2018-02,2018,02,201802,67.292,produtor,63.728,52.635,atacado,1.05,produtor,1.05,atacado,29.2332,atacado,1263.784,atacado,false
2018-03,2018,03,201803,67.465,produtor,62.361,52.424,atacado,1.08,produtor,1.08,atacado,36.4512,atacado,1326.183,atacado,false
2018-04,2018,04,201804,66.401,produtor,61.627,50.068,atacado,1.15,produtor,1.15,atacado,37.6475,atacado,1413.585,atacado,false
2018-05,2018,05,201805,63.287,produtor,61.927,50.258,atacado,1.21,produtor,1.21,atacado,38.9372,atacado,1489.997,atacado,false
2018-06,2018,06,201806,63.955,produtor,66.442,55.045,atacado,1.28,produtor,1.28,atacado,38.4658,atacado,1450.924,atacado,false
2018-07,2018,07,201807,66.322,produtor,69.337,61.135,atacado,1.41,produtor,1.41,atacado,35.4329,atacado,1432.984,atacado,false
2018-08,2018,08,201808,68.038,produtor,72.605,63.569,atacado,1.52,produtor,1.52,atacado,36.8658,atacado,1435.451,atacado,false
2018-09,2018,09,201809,67.052,produtor,72.409,65.224,atacado,1.48,produtor,1.48,atacado,37.5779,atacado,1467.244,atacado,false
2018-10,2018,10,201810,67.034,produtor,71.222,63.543,atacado,1.42,produtor,1.42,atacado,34.7599,atacado,1427.844,atacado,false
2018-11,2018,11,201811,68.041,produtor,62.405,70.57,atacado,1.4,produtor,1.4,atacado,33.5698,atacado,1371.697,atacado,false
2018-12,2018,12,201812,67.601,produtor,59.721,68.136,atacado,1.29,produtor,1.29,atacado,33.9747,atacado,1338.848,atacado,true
2019-01,2019,01,201901,67.297,produtor,68.647,59.874,atacado,1.26,produtor,1.26,atacado,35.2727,atacado,1306.582,atacado,false
2019-02,2019,02,201902,65.679,produtor,67.118,57.169,atacado,1.3,produtor,1.3,atacado,35.8829,atacado,1254.747,atacado,false
2019-03,2019,03,201903,64.97,produtor,68.758,56.26,atacado,1.34,produtor,1.34,atacado,35.4576,atacado,1264.081,atacado,false
2019-04,2019,04,201904,64.981,produtor,66.606,58.62,atacado,1.38,produtor,1.38,atacado,32.9309,atacado,1290.063,atacado,false
2019-05,2019,05,201905,65.972,produtor,69.753,63.33,atacado,1.41,produtor,1.41,atacado,31.6578,atacado,1303.835,atacado,false
2019-06,2019,06,201906,68.344,produtor,72.122,62.161,atacado,1.44,produtor,1.44,atacado,34.6354,atacado,1351.786,atacado,false
2019-07,2019,07,201907,67.916,produtor,73.266,62.978,atacado,1.37,produtor,1.37,atacado,35.0092,atacado,1267.175,atacado,false
2019-08,2019,08,201908,66.077,produtor,70.925,62.648,atacado,1.31,produtor,1.31,atacado,34.044,atacado,1298.356,atacado,false
2019-09,2019,09,201909,65.855,produtor,72.183,64.154,atacado,1.32,produtor,1.32,atacado,34.1063,atacado,1341.313,atacado,false
2019-10,2019,10,201910,66.373,produtor,71.278,62.176,atacado,1.31,produtor,1.31,atacado,37.3267,atacado,1338.652,atacado,false
2019-11,2019,11,201911,66.515,produtor,71.489,63.591,atacado,1.32,produtor,1.32,atacado,39.4916,atacado,1406.862,atacado,false
2019-12,2019,12,201912,66.734,produtor,72.154,64.02,atacado,1.32,produtor,1.32,atacado,42.3588,atacado,1453.242,atacado,true
2020-01,2020,01,202001,67.628,produtor,70.924,64.705,atacado,1.35,produtor,1.35,atacado,44.7391,atacado,1447.743,atacado,false
2020-02,2020,02,202002,70.015,produtor,74.586,66.305,atacado,1.36,produtor,1.36,atacado,45.131,atacado,1443.412,atacado,false
2020-03,2020,03,202003,70.638,produtor,75.646,66.186,atacado,1.39,produtor,1.39,atacado,48.6079,atacado,1576.646,atacado,false
2020-04,2020,04,202004,71.882,produtor,84.227,69.719,atacado,1.38,produtor,1.38,atacado,46.5401,atacado,1780.907,atacado,false
2020-05,2020,05,202005,73.718,produtor,88.742,74.817,atacado,1.35,produtor,1.35,atacado,46.278,atacado,1816.999,atacado,false
2020-06,2020,06,202006,73.228,produtor,91.974,79.661,atacado,1.4,produtor,1.4,atacado,44.129,atacado,1766.416,atacado,false
2020-07,2020,07,202007,74.497,produtor,93.893,80.23,atacado,1.6,produtor,1.6,atacado,46.4957,atacado,1827.108,atacado,false
2020-08,2020,08,202008,76.768,produtor,112.649,95.553,atacado,1.78,produtor,1.78,atacado,51.5004,atacado,1952.58,atacado,false
2020-09,2020,09,202009,76.886,produtor,141.42,128.58,atacado,1.97,produtor,1.97,atacado,56.1934,atacado,2205.795,atacado,false
2020-10,2020,10,202010,76.533,produtor,144.208,129.949,atacado,2.05,produtor,2.05,atacado,66.3602,atacado,2712.247,atacado,false
2020-11,2020,11,202011,74.486,produtor,141.591,127.986,atacado,2,produtor,2,atacado,75.5427,atacado,2926.836,atacado,false
2020-12,2020,12,202012,76.96,produtor,139.06,118.335,atacado,2.02,produtor,2.02,atacado,71.4687,atacado,2827.407,atacado,true
2021-01,2021,01,202101,76.894,produtor,133.595,111.833,atacado,2.04,produtor,2.04,atacado,80.3506,atacado,3179.871,atacado,false
2021-02,2021,02,202102,77.4,produtor,129.474,107.648,atacado,1.94,produtor,1.94,atacado,80.5347,atacado,3150.237,atacado,false
2021-03,2021,03,202103,77.948,produtor,127.43,106.191,atacado,1.86,produtor,1.86,atacado,86.3025,atacado,2719.42,atacado,false
2021-04,2021,04,202104,81.695,produtor,126.987,108.349,atacado,1.86,produtor,1.86,atacado,99.1458,atacado,2599.988,atacado,false
2021-05,2021,05,202105,95.148,produtor,123.592,110.924,atacado,1.92,produtor,1.92,atacado,100.8995,atacado,2561.026,atacado,false
2021-06,2021,06,202106,99.784,produtor,119.511,106.591,atacado,2.06,produtor,2.06,atacado,89.3743,atacado,2356.386,atacado,false
2021-07,2021,07,202107,102.472,produtor,115.964,99.046,atacado,2.21,produtor,2.21,atacado,97.853,atacado,2395.665,atacado,false
2021-08,2021,08,202108,103.166,produtor,116.042,101.146,atacado,2.25,produtor,2.25,atacado,101.8814,atacado,2384.756,atacado,false
2021-09,2021,09,202109,105.018,produtor,116.015,100.628,atacado,2.29,produtor,2.29,atacado,94.7212,atacado,2366.006,atacado,false
2021-10,2021,10,202110,105.07,produtor,114.452,96.434,atacado,2.26,produtor,2.26,atacado,92.6121,atacado,2360.969,atacado,false
2021-11,2021,11,202111,106.549,produtor,108.048,91.722,atacado,2.16,produtor,2.16,atacado,87.6898,atacado,2285.514,atacado,false
2021-12,2021,12,202112,109.689,produtor,104.033,85.834,atacado,2.08,produtor,2.08,atacado,89.8403,atacado,2359.948,atacado,true
2022-01,2022,01,202201,111.129,produtor,100.962,82.659,atacado,2.05,produtor,2.05,atacado,98.5597,atacado,2730.668,atacado,false
2022-02,2022,02,202202,111.266,produtor,108.378,87.922,atacado,2.05,produtor,2.05,atacado,100.6947,atacado,2999.652,atacado,false
2022-03,2022,03,202203,110.994,produtor,113.141,95.653,atacado,2.11,produtor,2.11,atacado,100.3957,atacado,3181.335,atacado,false
2022-04,2022,04,202204,110.849,produtor,111.344,96.602,atacado,2.28,produtor,2.28,atacado,87.7836,atacado,2787.136,atacado,false
2022-05,2022,05,202205,118.325,produtor,110.257,91.697,atacado,2.41,produtor,2.41,atacado,90.8155,atacado,2588.456,atacado,false
2022-06,2022,06,202206,122.031,produtor,111.115,90.684,atacado,2.58,produtor,2.58,atacado,89.0898,atacado,2540.605,atacado,false
2022-07,2022,07,202207,121.906,produtor,113.33,93.331,atacado,2.98,produtor,2.98,atacado,82.7058,atacado,2733.954,atacado,false
2022-08,2022,08,202208,120.414,produtor,114.691,96.269,atacado,3.35,produtor,3.35,atacado,84.1626,atacado,2665.503,atacado,false
2022-09,2022,09,202209,117.995,produtor,112.965,94.014,atacado,3.08,produtor,3.08,atacado,84.3832,atacado,2785.601,atacado,false
2022-10,2022,10,202210,114.756,produtor,113.706,94.317,atacado,2.82,produtor,2.82,atacado,84.9275,atacado,2848.665,atacado,false
2022-11,2022,11,202211,115.608,produtor,118.258,99.343,atacado,2.71,produtor,2.71,atacado,85.6721,atacado,2806.126,atacado,false
2022-12,2022,12,202212,116.407,produtor,129.996,109.503,atacado,2.59,produtor,2.59,atacado,84.4365,atacado,3030.321,atacado,true
2023-01,2023,01,202301,115.77,produtor,131.663,115.881,atacado,2.58,produtor,2.58,atacado,86.3886,atacado,3153.089,atacado,false
2023-02,2023,02,202302,118.632,produtor,129.536,114.706,atacado,2.68,produtor,2.68,atacado,85.1778,atacado,3094.046,atacado,false
2023-03,2023,03,202303,119.006,produtor,126.025,108.523,atacado,2.74,produtor,2.74,atacado,82.9865,atacado,2878.556,atacado,false
